{"cameraMode":{"drawMode":0,"name":"Shaded","section":"Shading Mode"},"sceneLighting":true,"audioPlay":false,"sceneViewState":{"m_AlwaysRefresh":false,"showFog":true,"showSkybox":true,"showFlares":true,"showImageEffects":true,"showParticleSystems":true,"showVisualEffectGraphs":true,"m_FxEnabled":true},"in2DMode":false,"pivot":{"x":541.2427978515625,"y":983.3653564453125,"z":839.30322265625},"rotation":{"x":0.03928631916642189,"y":0.010016552172601223,"z":-0.0003635291359387338,"w":0.9991875290870667},"size":1352.7218017578125,"orthographic":false}